{

    "metadata" :
    {
        "formatVersion" : 3.1,
        "sourceFile"    : "house.obj",
        "generatedBy"   : "OBJConverter",
        "vertices"      : 75,
        "faces"         : 56,
        "normals"       : 33,
        "colors"        : 0,
        "uvs"           : 115,
        "materials"     : 1
    },

    "scale" : 1.000000,

    "materials": [	{
	"DbgColor" : 15658734,
	"DbgIndex" : 0,
	"DbgName" : "01___Default",
	"colorDiffuse" : [0.58819999999999995, 0.58819999999999995, 0.58819999999999995],
	"colorSpecular" : [0.0, 0.0, 0.0],
	"illumination" : 2,
	"mapDiffuse" : "texture.jpg",
	"opacity" : 1.0,
	"opticalDensity" : 1.5,
	"specularCoef" : 10.0
	}],

    "vertices": [-14.349700,17.115300,16.711700,15.142400,17.115300,16.711700,15.142400,17.115300,-13.354700,-14.349700,17.115300,-13.354700,-14.349700,-0.045900,16.711700,15.142400,-0.045900,16.711700,15.142400,-0.045900,-13.354700,-14.349700,-0.045900,-13.354700,-18.358400,16.825000,20.874200,-18.358400,16.825000,-17.787100,19.185300,16.825000,-17.787100,19.185300,16.825000,20.874200,19.185300,35.798700,20.874200,-18.358400,35.798700,20.874200,19.185300,35.798700,-17.787100,-18.358400,35.798700,-17.787100,0.413400,61.553100,23.803200,0.413400,61.553100,-20.716100,-21.993100,31.194100,-20.716100,-21.993100,31.194100,23.803200,22.819900,31.194100,23.803200,22.819900,31.194100,-20.716100,0.413400,61.103200,-17.787100,0.413400,61.103200,20.874200,6.437300,16.321600,-7.407000,24.058500,16.321600,-7.407000,24.058500,16.321600,11.470500,6.437300,16.321600,11.470500,24.058500,42.227200,11.470500,6.437400,42.227200,11.470500,24.058500,42.227200,-7.407000,6.437300,42.227200,-7.407000,5.556400,39.145800,-10.093100,5.556400,53.884000,2.031700,25.729400,53.884000,2.031700,25.729400,39.145800,-10.093100,24.058500,53.627200,2.031700,5.556500,39.145800,14.156600,25.729400,39.145800,14.156500,-21.993100,30.439500,23.803200,0.413400,60.798400,23.803200,0.413400,60.798400,-20.716100,-21.993100,30.439500,-20.716100,22.819900,30.439500,23.803200,22.819900,30.439500,-20.716100,25.729400,38.750300,14.156500,25.729400,53.488600,2.031700,25.729400,38.750300,-10.093100,5.556400,38.750300,-10.093100,5.556400,53.488600,2.031700,5.556500,38.750300,14.156600,-9.409600,18.402700,24.796400,10.063900,18.402700,24.796400,10.063900,18.402600,15.611800,-9.409600,18.402600,15.611800,-10.412100,15.863300,26.001400,11.066400,15.863300,26.001400,11.066400,24.449500,26.001400,-10.412100,24.449500,26.001400,11.066400,15.863300,14.406800,11.066400,24.449500,14.406800,-10.412100,15.863300,14.406800,-10.412100,24.449500,14.406800,10.063900,24.449500,24.796400,-9.409600,24.449500,24.796400,10.063900,24.449500,15.611800,-9.409600,24.449500,15.611800,-9.649600,47.814500,-3.361100,-2.470200,47.814500,-3.165700,-2.422700,62.657700,-3.176600,-9.603000,62.657700,-3.128100,-2.505500,47.814500,-9.962500,-2.552100,62.657700,-10.195600,-9.684900,47.814500,-10.158000,-9.732400,62.657700,-10.147100],

    "morphTargets": [],

    "morphColors": [],

    "normals": [0,1,0,0,0,1,1,0,0,0,0,-1,-1,0,0,0,-1,0,1,0,0,0,0,-1,-1,0,0,0,1,0,0,1,0,-0.8046,0.5938,0,0.8046,0.5938,0,0,0,1,0,0,1,1,0,0,0,0.6353,-0.7723,0,0.6353,0.7723,0,0,-1,-0.8046,-0.5938,0,0.8046,-0.5938,0,-1,0,0,0,-0.6353,0.7723,0,-0.6353,-0.7723,0,-1,0,-0.7156,-0.0006,0.6985,0.6997,0.0015,0.7144,0.7134,-0.0101,0.7007,-0.6952,-0.0122,0.7187,0.7156,-0.0006,-0.6985,0.6952,-0.0122,-0.7187,-0.6997,0.0015,-0.7144,-0.7134,-0.0101,-0.7007],

    "colors": [],

    "uvs": [[0.6776,0.1936,0.867,0.1936,0.867,0.801,0.6776,0.801,0.4555,0.5194,0.6407,0.5194,0.6401,0.6287,0.4548,0.6287,0.4867,0.0522,0.6717,0.0522,0.6717,0.1606,0.4867,0.1606,0.1383,0.5522,0.3241,0.5551,0.3241,0.6581,0.1344,0.6597,0.1066,0.0507,0.2967,0.0507,0.2967,0.1612,0.1066,0.1612,0.6501,0.6262,0.6503,0.6267,0.6496,0.6267,0.6496,0.6259,0.6648,0.6247,0.6648,0.7503,0.4296,0.7503,0.4296,0.6247,0.4595,0.1598,0.6993,0.1598,0.6983,0.2779,0.4585,0.2779,0.3437,0.6572,0.3446,0.7814,0.1092,0.7818,0.1092,0.6563,0.0767,0.1617,0.3187,0.1617,0.3187,0.273,0.0767,0.273,0.9982,0.2558,0.7226,0.2543,0.7229,0.0228,0.9982,0.0224,0.7227,0.0225,0.9982,0.0224,0.9983,0.2558,0.7227,0.2544,0.2241,0.9351,0.5436,0.9058,0.6499,0.6268,0.6494,0.6269,0.6494,0.626,0.6503,0.6263,0.1822,0.6603,0.2927,0.6603,0.2927,0.7911,0.1822,0.7911,0.6352,0.1572,0.6352,0.3214,0.5204,0.3214,0.5204,0.1572,0.1611,0.6585,0.253,0.6585,0.253,0.7935,0.1611,0.7935,0.9964,0.0459,0.9959,0.1469,0.8666,0.1461,0.867,0.0451,0.5743,0.3929,0.8656,0.0446,0.9956,0.0446,0.9956,0.1455,0.8656,0.1455,0.6274,0.7849,0.612,0.785,0.6274,0.7849,0.612,0.7849,0.612,0.7954,0.612,0.7954,0.8688,0.6087,0.8688,0.6086,0.776,0.6034,0.892,0.6034,0.8916,0.6517,0.7756,0.6517,0.7781,0.6054,0.8675,0.6054,0.8675,0.6509,0.7781,0.6509,0.8062,0.6029,0.8914,0.6029,0.8914,0.6518,0.8062,0.6518,0.7767,0.6443,0.8883,0.6443,0.8831,0.6513,0.7819,0.6513,0.8363,0.6451,0.8389,0.6524,0.8197,0.6446,0.8183,0.6517,0.8251,0.606,0.8251,0.6061,0.8256,0.606,0.8255,0.6061,0.1268,0.3566,0.1685,0.3556,0.1715,0.4505,0.1274,0.4502,0.1268,0.359,0.1679,0.3593,0.1671,0.3986,0.126,0.3983]],

    "faces": [43,0,1,2,3,0,0,1,2,3,0,0,0,0,43,4,5,1,0,0,4,5,6,7,1,1,1,1,43,5,6,2,1,0,8,9,10,11,2,2,2,2,43,6,7,3,2,0,12,13,14,15,3,3,3,3,43,7,4,0,3,0,16,17,18,19,4,4,4,4,43,8,9,10,11,0,20,21,22,23,5,5,5,5,43,11,12,13,8,0,24,25,26,27,1,1,1,1,43,11,10,14,12,0,28,29,30,31,6,6,6,2,43,9,15,14,10,0,32,33,34,35,7,7,7,7,43,9,8,13,15,0,36,37,38,39,8,8,8,8,43,16,17,18,19,0,40,41,42,43,9,10,11,11,43,20,21,17,16,0,44,45,46,47,12,12,10,9,42,15,22,14,0,33,48,34,7,7,7,42,12,23,13,0,25,49,26,1,1,1,43,24,25,26,27,0,50,51,52,53,5,5,5,5,43,27,26,28,29,0,54,55,56,57,1,13,1,14,43,25,30,28,26,0,58,59,60,61,2,15,15,2,43,25,24,31,30,0,62,63,64,65,7,7,7,7,43,32,33,34,35,0,66,67,68,69,16,16,16,16,42,30,36,28,0,59,70,60,15,15,15,43,37,38,34,33,0,71,72,73,74,17,17,17,17,43,16,19,39,40,0,40,43,43,40,1,1,1,1,43,18,17,41,42,0,42,41,41,42,3,3,3,3,43,19,18,42,39,0,75,76,76,75,4,4,4,4,43,20,16,40,43,0,44,47,47,44,13,13,13,13,43,21,20,43,44,0,77,78,78,77,2,2,2,2,43,17,21,44,41,0,46,45,45,46,18,18,18,18,43,44,43,40,41,0,77,78,79,80,19,19,19,19,43,39,42,41,40,0,75,76,80,79,20,20,20,20,43,34,38,45,46,0,73,72,72,73,2,2,2,2,43,32,35,47,48,0,66,69,69,66,3,3,3,3,43,33,32,48,49,0,67,66,66,67,21,21,21,21,43,38,37,50,45,0,72,71,71,72,1,1,1,1,43,35,34,46,47,0,69,68,68,69,2,2,2,2,43,37,33,49,50,0,71,74,74,71,21,21,21,21,43,48,47,46,49,0,66,69,68,74,22,22,22,22,43,45,50,49,46,0,72,71,74,68,23,23,23,23,43,51,52,53,54,0,81,81,82,82,0,0,0,0,43,55,56,57,58,0,83,84,85,86,1,1,1,1,43,56,59,60,57,0,87,88,89,90,2,2,2,2,43,59,61,62,60,0,12,13,14,15,7,7,7,7,43,61,55,58,62,0,91,92,93,94,4,4,4,4,43,58,57,63,64,0,95,96,97,98,9,9,9,9,43,57,60,65,63,0,96,99,100,97,0,0,0,0,43,60,62,66,65,0,15,14,3,2,9,9,9,9,43,62,58,64,66,0,101,95,98,102,9,9,9,9,43,64,63,52,51,0,81,81,81,81,7,7,7,7,43,63,65,53,52,0,81,82,82,81,4,4,4,4,43,65,66,54,53,0,82,82,82,82,1,1,1,1,43,66,64,51,54,0,82,81,81,82,2,2,2,2,43,61,59,56,55,0,103,104,105,106,24,24,24,24,43,67,68,69,70,0,107,108,109,110,25,26,27,28,43,68,71,72,69,0,107,108,109,110,26,29,30,27,43,71,73,74,72,0,107,108,109,110,29,31,32,30,43,73,67,70,74,0,107,108,109,110,31,25,28,32,43,72,74,70,69,0,111,112,113,114,9,9,9,9]

}
