{

    "metadata" :
    {
        "formatVersion" : 3.1,
        "sourceFile"    : "tree4.obj",
        "generatedBy"   : "OBJConverter",
        "vertices"      : 252,
        "faces"         : 84,
        "normals"       : 85,
        "colors"        : 0,
        "uvs"           : 18,
        "materials"     : 2
    },

    "scale" : 1.000000,

    "materials": [	{
	"DbgColor" : 15658734,
	"DbgIndex" : 0,
	"DbgName" : "Material_0",
	"colorDiffuse" : [1.0, 1.0, 1.0],
	"colorSpecular" : [0.0, 0.0, 0.0],
	"illumination" : 2,
	"mapDiffuse" : "tree4_2.png",
	"specularCoef" : 0.0
	},

	{
	"DbgColor" : 15597568,
	"DbgIndex" : 1,
	"DbgName" : "Material_1",
	"colorDiffuse" : [1.0, 1.0, 1.0],
	"colorSpecular" : [0.0, 0.0, 0.0],
	"illumination" : 2,
	"mapDiffuse" : "tree4_1.png",
	"specularCoef" : 0.0
	}],

    "vertices": [-0.097656,4.270024,1.684215,2.264557,4.273520,-0.810625,0.438689,37.530716,0.438924,-0.664366,-4.593263,3.769649,2.264557,4.273520,-0.810625,-0.097656,4.270024,1.684215,-0.664366,-4.593263,3.769649,3.769792,-4.593302,-0.661471,2.264557,4.273520,-0.810625,3.769792,-4.593302,-0.661471,-0.094236,4.400639,-3.305465,2.264557,4.273520,-0.810625,2.264557,4.273520,-0.810625,-0.094236,4.400639,-3.305465,0.438689,37.530716,0.438924,3.769792,-4.593302,-0.661471,-0.658292,-4.361276,-5.092590,-0.094236,4.400639,-3.305465,-0.094236,4.400639,-3.305465,-2.456449,4.397143,-0.810625,0.438689,37.530716,0.438924,-0.658292,-4.361276,-5.092590,-2.456449,4.397143,-0.810625,-0.094236,4.400639,-3.305465,-0.658292,-4.361276,-5.092590,-5.092450,-4.361236,-0.661470,-2.456449,4.397143,-0.810625,-5.092450,-4.361236,-0.661470,-0.097656,4.270024,1.684215,-2.456449,4.397143,-0.810625,-2.456449,4.397143,-0.810625,-0.097656,4.270024,1.684215,0.438689,37.530716,0.438924,-5.092450,-4.361236,-0.661470,-0.664366,-4.593263,3.769649,-0.097656,4.270024,1.684215,1.952579,29.452868,0.684822,2.480776,29.669874,-0.871685,0.381358,35.341412,0.381573,-0.245694,28.925232,2.744826,1.400570,28.867472,3.304125,0.381358,35.341412,0.381573,-0.310946,29.062233,-1.507019,-1.963489,29.120213,-2.068503,0.381358,35.341412,0.381573,1.952579,29.452868,0.684822,-0.310946,29.062233,-1.507019,0.381358,35.341412,0.381573,-0.245694,28.925232,2.744826,1.952579,29.452868,0.684822,0.381358,35.341412,0.381573,-2.489488,29.567221,0.580820,-0.245694,28.925232,2.744826,0.381358,35.341412,0.381573,-1.907132,28.954481,3.289038,-0.245694,28.925232,2.744826,0.381358,35.341412,0.381573,-3.118417,29.820478,-1.023782,-2.489488,29.567221,0.580820,0.381358,35.341412,0.381573,2.592597,29.583958,2.296516,1.952579,29.452868,0.684822,0.381358,35.341412,0.381573,1.344213,29.033203,-2.053417,-0.310946,29.062233,-1.507019,0.381358,35.341412,0.381573,-0.310946,29.062233,-1.507019,-2.489488,29.567221,0.580820,0.381358,35.341412,0.381573,-2.489488,29.567221,0.580820,-3.006596,29.734562,2.144418,0.381358,35.341412,0.381573,3.505809,23.469616,-3.636555,2.116500,22.774366,-6.411974,0.574937,30.675533,-2.626818,0.257417,30.608297,0.257590,3.505809,23.469616,-3.636555,0.574937,30.675533,-2.626818,3.419336,21.253078,1.893753,3.505809,23.469616,-3.636555,0.257417,30.608297,0.257590,3.419336,21.253078,1.893753,0.257417,30.608297,0.257590,0.570983,30.524523,3.141998,2.075629,21.213552,4.745997,3.419336,21.253078,1.893753,0.570983,30.524523,3.141998,3.419336,21.253078,1.893753,6.192267,21.216267,0.527110,3.154486,30.524200,0.571730,0.257417,30.608297,0.257590,3.419336,21.253078,1.893753,3.154486,30.524200,0.571730,-2.130358,23.480263,1.917374,3.419336,21.253078,1.893753,0.257417,30.608297,0.257590,-2.130358,23.480263,1.917374,0.257417,30.608297,0.257590,-2.640083,30.675938,0.571730,-5.015676,22.778492,0.560322,-2.130358,23.480263,1.917374,-2.640083,30.675938,0.571730,-2.161741,21.502542,-3.712383,-4.924068,21.539209,-2.350863,-2.639653,30.692383,-0.056550,0.257417,30.608297,0.257590,-2.161741,21.502542,-3.712383,-2.639653,30.692383,-0.056550,3.505809,23.469616,-3.636555,-2.161741,21.502542,-3.712383,0.257417,30.608297,0.257590,3.505809,23.469616,-3.636555,0.257417,30.608297,0.257590,3.154917,30.540646,-0.056551,6.351413,22.556192,-2.316512,3.505809,23.469616,-3.636555,3.154917,30.540646,-0.056551,-2.130358,23.480263,1.917374,-0.780762,22.560316,4.655784,-0.060103,30.541050,3.141998,0.257417,30.608297,0.257590,-2.130358,23.480263,1.917374,-0.060103,30.541050,3.141998,-2.161741,21.502542,-3.712383,-2.130358,23.480263,1.917374,0.257417,30.608297,0.257590,-2.161741,21.502542,-3.712383,0.257417,30.608297,0.257590,-0.056149,30.692060,-2.626818,-0.807431,21.541925,-6.569749,-2.161741,21.502542,-3.712383,-0.056149,30.692060,-2.626818,-1.313942,11.813568,-5.484956,-5.706317,11.967679,-6.977352,-2.680272,24.849152,-3.187067,0.102444,24.690115,0.102564,-1.313942,11.813568,-5.484956,-2.680272,24.849152,-3.187067,4.759005,15.013913,0.397480,-1.313942,11.813568,-5.484956,0.102444,24.690115,0.102564,4.759005,15.013913,0.397480,0.102444,24.690115,0.102564,3.537105,24.530338,2.768520,6.434583,14.386470,4.655715,4.759005,15.013913,0.397480,3.537105,24.530338,2.768520,-7.060997,14.813121,0.107826,-8.447783,14.786769,4.251450,-3.229173,24.710846,2.641516,0.102444,24.690115,0.102564,-7.060997,14.813121,0.107826,-3.229173,24.710846,2.641516,-1.313942,11.813568,-5.484956,-7.060997,14.813121,0.107826,0.102444,24.690115,0.102564,-1.313942,11.813568,-5.484956,0.102444,24.690115,0.102564,2.756927,24.704100,-3.085011,3.085386,11.736410,-6.937255,-1.313942,11.813568,-5.484956,2.756927,24.704100,-3.085011,-1.134246,11.688590,5.822495,3.241438,11.535068,7.309081,2.885160,24.531075,3.392195,0.102444,24.690115,0.102564,-1.134246,11.688590,5.822495,2.885160,24.531075,3.392195,-7.060997,14.813121,0.107826,-1.134246,11.688590,5.822495,0.102444,24.690115,0.102564,-7.060997,14.813121,0.107826,0.102444,24.690115,0.102564,-3.332217,24.849888,-2.563392,-8.744995,15.015137,-4.169466,-7.060997,14.813121,0.107826,-3.332217,24.849888,-2.563392,4.759005,15.013913,0.397480,6.137372,14.614838,-3.765201,3.434061,24.669380,-2.436389,0.102444,24.690115,0.102564,4.759005,15.013913,0.397480,3.434061,24.669380,-2.436389,-1.134246,11.688590,5.822495,4.759005,15.013913,0.397480,0.102444,24.690115,0.102564,-1.134246,11.688590,5.822495,0.102444,24.690115,0.102564,-2.552040,24.676125,3.290138,-5.550265,11.766336,7.268984,-1.134246,11.688590,5.822495,-2.552040,24.676125,3.290138,5.889021,4.826476,3.944328,11.298599,4.754660,1.278209,5.571330,17.542673,0.532476,-0.080423,17.706722,-0.080365,5.889021,4.826476,3.944328,5.571330,17.542673,0.532476,-4.978476,7.610680,3.949526,5.889021,4.826476,3.944328,-0.080423,17.706722,-0.080365,-4.978476,7.610680,3.949526,-0.080423,17.706722,-0.080365,-5.733016,17.838688,0.532476,-10.651293,4.561672,1.258113,-4.978476,7.610680,3.949526,-5.733016,17.838688,0.532476,6.000706,6.973459,-6.901515,3.262524,4.553627,-12.343807,0.539011,17.837902,-5.707419,-0.080423,17.706722,-0.080365,6.000706,6.973459,-6.901515,0.539011,17.837902,-5.707419,5.889021,4.826476,3.944328,6.000706,6.973459,-6.901515,-0.080423,17.706722,-0.080365,5.889021,4.826476,3.944328,-0.080423,17.706722,-0.080365,0.531297,17.543304,5.546688,3.267650,4.749362,9.508634,5.889021,4.826476,3.944328,0.531297,17.543304,5.546688,-4.980942,5.996253,-6.974520,-10.369830,6.067788,-4.318395,-5.732175,17.870771,-0.693207,-0.080423,17.706722,-0.080365,-4.980942,5.996253,-6.974520,-5.732175,17.870771,-0.693207,6.000706,6.973459,-6.901515,-4.980942,5.996253,-6.974520,-0.080423,17.706722,-0.080365,6.000706,6.973459,-6.901515,-0.080423,17.706722,-0.080365,5.572169,17.574759,-0.693207,11.524211,4.127999,-4.354166,6.000706,6.973459,-6.901515,5.572169,17.574759,-0.693207,-4.978476,7.610680,3.949526,-2.389606,4.136045,9.247754,-0.699857,17.575542,5.546688,-0.080423,17.706722,-0.080365,-4.978476,7.610680,3.949526,-0.699857,17.575542,5.546688,-4.980942,5.996253,-6.974520,-4.978476,7.610680,3.949526,-0.080423,17.706722,-0.080365,-4.980942,5.996253,-6.974520,-0.080423,17.706722,-0.080365,-0.692143,17.870142,-5.707419,-2.338884,